"year","debt"
1991,37.2558048848
1992,77.9827184483
1993,62.8143544818
1994,49.3685518014
1995,35.6787213491
1996,48.1464770375
1997,51.5422803156
1998,68.0593394968
1999,81.3171658637
2000,75.1262005932
2001,67.285695382
2002,71.4610833638
2003,79.2081521132
2004,69.6419432192
2005,52.6527347052
2006,40.9167257416
2007,36.0803160073
2008,31.1201039902
2009,39.5864609857
2010,22.6
2011,20.3
2012,17.6
2013,31.9
2014,31.2
